IT Load Served MWh,Policy,Mean PUE,Thermal violations,Peak outlet C,Cooling energy MWh
108.9420045,Baseline,1.0744503260770888,0,36.95104373757455,1.344
108.9420045,Reactive,1.0683648475822423,0,39.474454909884955,0.8924901497395834
108.9420045,Safe optimizer,1.0679060490453685,2,40.298238022843336,0.8305532252604167
