label,rmse,mae,max_abs,bias
Mean outlet temp,3.865409006959537,3.2351645962074778,7.38943832007952,-3.1477498532071473
Peak outlet temp,5.632946341844505,4.782785357300641,11.55572564612326,-4.682692083609456
Mean inlet temp,0.49735875175039224,0.45182440972222215,1.1686999999999994,0.10834593749999996
